{
  "project_info": {
    "project_number": "804185286703",
    "firebase_url": "https://databse-3b5d8.firebaseio.com",
    "project_id": "databse-3b5d8",
    "storage_bucket": "databse-3b5d8.appspot.com"
  },
  "client": [
    {
      "client_info": {
        "mobilesdk_app_id": "1:804185286703:android:1bbc17c512b8120e",
        "android_client_info": {
          "package_name": "com.example.andrew.myapplication"
        }
      },
      "oauth_client": [
        {
          "client_id": "804185286703-p04onsn0gth6mjrkqcqcacoi1d6qt33f.apps.googleusercontent.com",
          "client_type": 1,
          "android_info": {
            "package_name": "com.example.andrew.myapplication",
            "certificate_hash": "55d1ab570773cffadf2c5223dcc798af81ee179f"
          }
        },
        {
          "client_id": "804185286703-hgmt1l40flv1tfhhvb2puhfrl0117vmr.apps.googleusercontent.com",
          "client_type": 3
        }
      ],
      "api_key": [
        {
          "current_key": "AIzaSyBu68WgGtq2NFAAsA3HblpCO30jLxI4ubQ"
        }
      ],
      "services": {
        "analytics_service": {
          "status": 1
        },
        "appinvite_service": {
          "status": 2,
          "other_platform_oauth_client": [
            {
              "client_id": "804185286703-hgmt1l40flv1tfhhvb2puhfrl0117vmr.apps.googleusercontent.com",
              "client_type": 3
            }
          ]
        },
        "ads_service": {
          "status": 2
        }
      }
    }
  ],
  "configuration_version": "1"
}